<?xml version="1.0" encoding="UTF-8"?>
<!DOCTYPE mapper PUBLIC "-//mybatis.org//DTD Mapper 3.0//EN" "http://mybatis.org/dtd/mybatis-3-mapper.dtd">

<mapper namespace="board">

	<!-- useGeneratedKeys는 insert를 하는순간 식별자를 설정 -->
	<insert id="insert" parameterType="Board"
		useGeneratedKeys="true" keyProperty="no" keyColumn="no">
		INSERT
		INTO BOARD(NO, TITLE, CONTENT, WRITER)
		VALUES(SEQ_BOARD.NEXTVAL, #{title},
		#{content}, #{writer})
	</insert>


	<select id="selectAll" resultType="Board">
		<!-- 
		
			XML 파일은 부등호 <,> 를 태그의 시작과 끝으로 인식하는데
			<![CDATA[]]>는 XML파일에서 부등호를 사용할수 있게 해준다.
			
		 -->
		<![CDATA[
		SELECT /*+ INDEX_DESC(BOARD
		PK_BOARD) */
		NUM, NO, TITLE, CONTENT
		FROM (SELECT /*+ INDEX_DESC(BOARD PK_BOARD) */
		ROWNUM NUM, NO, TITLE, CONTENT
		FROM BOARD
		WHERE ROWNUM <= #{page} * #{amount}
		)
		WHERE NUM > (#{page}-1) * #{amount}
		]]>
	</select>


	<select id="select" parameterType="int" resultType="Board">
		SELECT *
		FROM BOARD
		WHERE NO = #{no}
	</select>
	
	<select id="getTotal" resultType="int">
		SELECT COUNT(*)
		FROM BOARD
	</select>


	<update id="update" parameterType="Board">
		UPDATE
		BOARD
		SET TITLE = #{title}, CONTENT = #{content}
		WHERE NO = #{no}
	</update>


	<delete id="delete" parameterType="int">
		DELETE 
		FROM BOARD
		WHERE NO = #{no}
	</delete>
</mapper>