<?xml version="1.0" encoding="UTF-8"?>
<beans xmlns="http://www.springframework.org/schema/beans"
	xmlns:xsi="http://www.w3.org/2001/XMLSchema-instance"
	xmlns:security="http://www.springframework.org/schema/security"
	xsi:schemaLocation="http://www.springframework.org/schema/security http://www.springframework.org/schema/security/spring-security-5.2.xsd
		http://www.springframework.org/schema/beans http://www.springframework.org/schema/beans/spring-beans.xsd">

	<bean id="loginSuccess" class="com.kh.security.LoginSuccessHandler" />
	<bean id="customAccessDenied" class="com.kh.security.CustomAccessDeniedHandler" />
	<bean id="bcryptPasswordEncoder" class="org.springframework.security.crypto.bcrypt.BCryptPasswordEncoder" />

	<security:http>

		<security:intercept-url pattern="/all" access="permitAll" />
		<security:intercept-url pattern="/member" access="hasAnyRole('ROLE_MEMBER','ROLE_ADMIN')" />
		<security:intercept-url pattern="/admin" access="hasRole('ROLE_ADMIN')" />
		<security:form-login login-page="/login" authentication-success-handler-ref="loginSuccess" />
		
		<security:csrf disabled="true"/>
		<security:logout logout-url="/logout" invalidate-session="true" />
		
		<!-- <security:access-denied-handler error-page="/error" /> -->
		
		<security:access-denied-handler ref="customAccessDenied"/>

	</security:http>

	<security:authentication-manager>

		<security:authentication-provider>
		
			<security:user-service>
				<security:user name="member" password="{noop}member" authorities="ROLE_MEMBER" />
				<security:user name="admin" password="{noop}admin" authorities="ROLE_ADMIN" />
			</security:user-service>
			
		</security:authentication-provider>

	</security:authentication-manager>

	

</beans>
